{"train": {"accuracy": 0.9843430905377808}, "val": {"accuracy": 0.9755002041649653}}